<?xml version="1.0" encoding="UTF-8"?>
<beans xmlns="http://www.springframework.org/schema/beans"
	xmlns:xsi="http://www.w3.org/2001/XMLSchema-instance"
	xmlns:int="http://www.springframework.org/schema/integration"
	xmlns:int-ip="http://www.springframework.org/schema/integration/ip"
	xmlns:util="http://www.springframework.org/schema/util"
	xmlns:int-groovy="http://www.springframework.org/schema/integration/groovy"
	xsi:schemaLocation="http://www.springframework.org/schema/integration/ip http://www.springframework.org/schema/integration/ip/spring-integration-ip.xsd
		http://www.springframework.org/schema/integration http://www.springframework.org/schema/integration/spring-integration.xsd
		http://www.springframework.org/schema/integration/groovy http://www.springframework.org/schema/integration/groovy/spring-integration-groovy.xsd
		http://www.springframework.org/schema/beans http://www.springframework.org/schema/beans/spring-beans.xsd
		http://www.springframework.org/schema/util http://www.springframework.org/schema/util/spring-util.xsd">

	<import resource="../../../common/tcp-encdec.xml"/>
	
	<int-ip:tcp-connection-factory id="connectionFactory"
		type="client"
		host="${host}"
		port="${port}"
		lookup-host="${reverseLookup}"
		using-nio="${nio}"
		using-direct-buffers="${useDirectBuffers}"
		single-use="${close}" deserializer="${decoder}"
		mapper="mapper"
		serializer="${encoder}"/>

	<bean id="mapper" class="org.springframework.integration.ip.tcp.connection.TcpMessageMapper">
		<property name="charset" value="${charset}"/>
	</bean>


	<bean id="counter" class="java.util.concurrent.atomic.AtomicInteger" />

	<int:inbound-channel-adapter channel="commandsTrigger" expression="@counter.incrementAndGet()" auto-startup="false">
		<int:poller fixed-delay="${fixedDelay}" time-unit="SECONDS" max-messages-per-poll="${maxMessages}" />
	</int:inbound-channel-adapter>
	

	<int:channel id="commands" />

	<int-ip:tcp-outbound-channel-adapter
		connection-factory="connectionFactory" channel="commands" />
	<int-ip:tcp-inbound-channel-adapter
		connection-factory="connectionFactory" client-mode="true" channel="output" />

	<int:channel id="output"/>
	
	<beans profile="use-script">
		<import resource="../../../common/script-variable-generator.xml" />
		<int:transformer input-channel="commandsTrigger" output-channel="commands">
			<int-groovy:script location="${script}" script-variable-generator="variableGenerator" refresh-check-delay="60"/>
		</int:transformer>
	</beans>
	<beans profile="use-expression">
		<int:transformer input-channel="commandsTrigger" expression="${expression}" output-channel="commands"/>
	</beans>


</beans>
