<?xml version="1.0" encoding="UTF-8"?>
<beans:beans xmlns="http://www.springframework.org/schema/integration"
	xmlns:xsi="http://www.w3.org/2001/XMLSchema-instance" xmlns:beans="http://www.springframework.org/schema/beans"
	xmlns:context="http://www.springframework.org/schema/context"
	xmlns:int-jdbc="http://www.springframework.org/schema/integration/jdbc"
	xsi:schemaLocation="http://www.springframework.org/schema/integration http://www.springframework.org/schema/integration/spring-integration.xsd
		http://www.springframework.org/schema/integration/jdbc http://www.springframework.org/schema/integration/jdbc/spring-integration-jdbc.xsd
		http://www.springframework.org/schema/beans http://www.springframework.org/schema/beans/spring-beans.xsd
		http://www.springframework.org/schema/context http://www.springframework.org/schema/context/spring-context.xsd">

	<channel id="input" />

	<channel id="values" />

	<beans:import resource="../../../common/jdbc-datasource.xml"/>

	<transformer input-channel="input" ref="transformer"
		output-channel="values" />

	<int-jdbc:outbound-channel-adapter
		query="insert into ${tableName} (#{transformer.columns}) values(#{transformer.values})"
		data-source="dataSource" channel="values" />

	<beans:bean id="transformer"
		class="org.springframework.xd.jdbc.JdbcMessagePayloadTransformer">
		<beans:property name="columnNames" value="${columns}" />
	</beans:bean>

	<beans:bean id="dataSourceInitializer"
		class="org.springframework.jdbc.datasource.init.DataSourceInitializer">
		<beans:property name="databasePopulator" ref="databasePopulator" />
		<beans:property name="dataSource" ref="dataSource" />
		<beans:property name="enabled" value="${initializeDatabase}" />
	</beans:bean>

	<beans:bean id="databasePopulator"
		class="org.springframework.xd.jdbc.SingleTableDatabaseInitializer">
		<beans:property name="scripts"
			value="${xd.config.home}/${initializerScript}" />
		<beans:property name="ignoreFailedDrops" value="true" />
		<beans:property name="tableName" value="${tableName}" />
		<beans:property name="columnNames" value="${columns}" />
	</beans:bean>

	<context:annotation-config/>

</beans:beans>
