<?xml version="1.0" encoding="UTF-8"?>
<beans:beans xmlns="http://www.springframework.org/schema/integration"
	xmlns:xsi="http://www.w3.org/2001/XMLSchema-instance" xmlns:beans="http://www.springframework.org/schema/beans"
	xmlns:redis="http://www.springframework.org/schema/integration/redis"
	xsi:schemaLocation="http://www.springframework.org/schema/beans
		http://www.springframework.org/schema/beans/spring-beans.xsd
		http://www.springframework.org/schema/integration
		http://www.springframework.org/schema/integration/spring-integration.xsd
		http://www.springframework.org/schema/integration/redis
		http://www.springframework.org/schema/integration/redis/spring-integration-redis.xsd">

	<channel id="input" />

	<!-- creates the redisConnectionFactory -->
	<beans:bean name="redisSinkConfiguration" class="org.springframework.xd.redis.RedisSinkConfiguration"/>

	<beans:beans profile="use-topic-expression">
		<redis:outbound-channel-adapter
			topic-expression="${topicExpression}" channel="input"
			connection-factory="redisConnectionFactory" />
	</beans:beans>

	<beans:beans profile="use-queue-expression">
		<redis:queue-outbound-channel-adapter
			queue-expression="${queueExpression}" channel="input"
			connection-factory="redisConnectionFactory" />
	</beans:beans>

	<beans:beans profile="use-store-expression">
		<redis:store-outbound-channel-adapter
			key-expression="${keyExpression}" collection-type="${collectionType}"
			channel="input" connection-factory="redisConnectionFactory" />
	</beans:beans>
</beans:beans>
