<?xml version="1.0" encoding="UTF-8"?>

<beans xmlns="http://www.springframework.org/schema/beans"
	   xmlns:xsi="http://www.w3.org/2001/XMLSchema-instance"
	   xmlns:context="http://www.springframework.org/schema/context"
	   xmlns:int="http://www.springframework.org/schema/integration"
	   xsi:schemaLocation="http://www.springframework.org/schema/beans http://www.springframework.org/schema/beans/spring-beans.xsd
		http://www.springframework.org/schema/context http://www.springframework.org/schema/context/spring-context.xsd
		http://www.springframework.org/schema/integration http://www.springframework.org/schema/integration/spring-integration.xsd">

	<bean class="org.springframework.integration.x.twitter.TwitterStreamChannelAdapter">
		<constructor-arg ref="twitterTemplate"/>
		<property name="autoStartup" value="false"/>
		<property name="outputChannel" ref="to.discardDeletes"/>
		<property name="readTimeout" value="${readTimeout}"/>
		<property name="connectTimeout" value="${connectTimeout}"/>
		<property name="delimited" value="${delimited}" />
		<property name="stallWarnings" value="${stallWarnings}" />
		<property name="filterLevel" value="${filterLevel}" />
		<property name="language" value="${language}" />
		<property name="track" value="${track}" />
		<property name="follow" value="${follow}"/>
		<property name="locations" value="${locations}"/>
		<property name="phase" value="#{T(java.lang.Integer).MAX_VALUE / 2}"/>
	</bean>

	<int:channel id="output"/>
	<int:channel id="to.discardDeletes"/>
	<int:channel id="to.filter"/>

	<bean id="twitterTemplate" class="org.springframework.social.twitter.api.impl.TwitterTemplate">
		<constructor-arg value="${consumerKey}"/>
		<constructor-arg value="${consumerSecret}"/>
		<constructor-arg value="${accessToken}"/>
		<constructor-arg value="${accessTokenSecret}"/>
	</bean>

	<int:router id="discardDeletesRouter" input-channel="to.discardDeletes"
		expression="${discardDeletes} ? 'to.filter':'output'" />

	<!-- pass anything not matching {"delete": -->
	<int:filter id="discardDeletes" input-channel="to.filter" output-channel="output"
		discard-channel="nullChannel" expression="!(payload matches '^\{\s*&quot;delete&quot;\s*:.*' )"/>

</beans>