<?xml version="1.0" encoding="UTF-8"?>
<beans xmlns="http://www.springframework.org/schema/beans"
        xmlns:xsi="http://www.w3.org/2001/XMLSchema-instance"
        xsi:schemaLocation="http://www.springframework.org/schema/beans http://www.springframework.org/schema/beans/spring-beans.xsd">

        <bean id="clientFactory" class="org.springframework.integration.mqtt.core.DefaultMqttPahoClientFactory">
                <property name="userName" value="${username}" />
                <property name="password" value="${password}" />
                <property name="serverURIs" value="${url}" />
                <property name="cleanSession" value="${cleanSession}" />
                <property name="connectionTimeout" value="${connectionTimeout}" />
                <property name="keepAliveInterval" value="${keepAliveInterval}" />
                <property name="persistence" ref="persistence" />
        </bean>

        <beans profile="memory">
                <bean id="persistence" class="org.eclipse.paho.client.mqttv3.persist.MemoryPersistence" />
        </beans>

        <beans profile="file">
                <bean id="persistence" class="org.eclipse.paho.client.mqttv3.persist.MqttDefaultFilePersistence">
                        <constructor-arg value="${persistenceDirectory}" />
                </bean>
        </beans>

</beans>
