<?xml version="1.0" encoding="UTF-8"?>
<!--
  ~ /*
  ~  * Copyright 2014 the original author or authors.
  ~  *
  ~  * Licensed under the Apache License, Version 2.0 (the "License");
  ~  * you may not use this file except in compliance with the License.
  ~  * You may obtain a copy of the License at
  ~  *
  ~  * http://www.apache.org/licenses/LICENSE-2.0
  ~  *
  ~  * Unless required by applicable law or agreed to in writing, software
  ~  * distributed under the License is distributed on an "AS IS" BASIS,
  ~  * WITHOUT WARRANTIES OR CONDITIONS OF ANY KIND, either express or implied.
  ~  * See the License for the specific language governing permissions and
  ~  * limitations under the License.
  ~  */
  -->

<beans xmlns="http://www.springframework.org/schema/beans"
	xmlns:xsi="http://www.w3.org/2001/XMLSchema-instance"
	xsi:schemaLocation="
		http://www.springframework.org/schema/beans http://www.springframework.org/schema/beans/spring-beans.xsd
		">

	<import resource="tcp-encdec.xml"/>

	<bean id="shellProcessor" class="org.springframework.xd.extension.process.ShellCommandProcessor">
		<constructor-arg name="serializer" ref="${encoder}"/>
		<constructor-arg name="command" value="${command}"/>
		<property name="environment" value="${environment:}"/>
		<property name="workingDirectory" value="${workingDir:}"/>
		<property name="redirectErrorStream" value="${redirectErrorStream}"/>
	</bean>

	<bean class="org.springframework.beans.factory.config.CustomEditorConfigurer">
		<property name="customEditors">
			<map>
				<entry key="java.util.Map" value="org.springframework.xd.extension.process.DelimitedStringToMapPropertyEditor"/>
			</map>
		</property>
	</bean>
</beans>
