<?xml version="1.0" encoding="UTF-8"?>
<beans:beans xmlns="http://www.springframework.org/schema/integration"
	xmlns:xsi="http://www.w3.org/2001/XMLSchema-instance"
	xmlns:beans="http://www.springframework.org/schema/beans"
	xmlns:int-groovy="http://www.springframework.org/schema/integration/groovy"
	xsi:schemaLocation="http://www.springframework.org/schema/beans
		http://www.springframework.org/schema/beans/spring-beans.xsd
		http://www.springframework.org/schema/integration
		http://www.springframework.org/schema/integration/spring-integration.xsd">

	<beans:bean id="sqlTaskScheduler" class="org.springframework.scheduling.concurrent.ThreadPoolTaskScheduler">
		<beans:property name="waitForTasksToCompleteOnShutdown" value="true" />
		<beans:property name="awaitTerminationSeconds" value="${batchTimeout}" />
	</beans:bean>

	<channel id="input" />

	<beans:bean id="dataSource" class="org.apache.commons.dbcp.BasicDataSource" destroy-method="close">
		<beans:property name="driverClassName" value="org.postgresql.Driver" />
		<beans:property name="url" value="jdbc:postgresql://${dbHost}:${dbPort}/${dbName}" />
		<beans:property name="username" value="${dbUser}" />
		<beans:property name="password" value="${dbPassword}" />
	</beans:bean>

	<beans:bean id="gpfdist" class="org.springframework.xd.greenplum.gpfdist.GPFDistMessageHandler">
		<beans:constructor-arg value="${port}"/>
		<beans:constructor-arg value="${flushCount}"/>
		<beans:constructor-arg value="${flushTime}"/>
		<beans:constructor-arg value="${batchTimeout}"/>
		<beans:constructor-arg value="${batchCount}"/>
		<beans:constructor-arg value="${batchPeriod}"/>
		<beans:constructor-arg value="${delimiter}"/>
        <beans:property name="rateInterval" value="${rateInterval}" />
        <beans:property name="greenplumLoad" ref="greenplumLoad" />
        <beans:property name="sqlTaskScheduler" ref="sqlTaskScheduler" />
	</beans:bean>

    <beans:bean id="greenplumControlFile" class="org.springframework.xd.greenplum.support.ControlFileFactoryBean">
        <beans:property name="controlFileResource" value="${controlFile:}" />
    </beans:bean>

    <beans:bean id="greenplumLoad" class="org.springframework.xd.greenplum.support.LoadFactoryBean">
        <beans:property name="loadConfiguration" ref="greenplumLoadConfiguration" />
        <beans:property name="dataSource" ref="dataSource" />
    </beans:bean>

    <beans:bean id="greenplumLoadConfiguration" class="org.springframework.xd.greenplum.support.LoadConfigurationFactoryBean">
        <beans:property name="externalTable" ref="greenplumReadableTable" />
        <beans:property name="controlFile" ref="greenplumControlFile" />
        <beans:property name="table" value="${table:}" />
    </beans:bean>

    <beans:bean id="greenplumReadableTable" class="org.springframework.xd.greenplum.support.ReadableTableFactoryBean">
        <beans:property name="controlFile" ref="greenplumControlFile" />
        <beans:property name="locations" value="#{T(org.springframework.xd.greenplum.support.NetworkUtils).getGPFDistUri(${port})}" />
    </beans:bean>

	<service-activator ref="gpfdist" input-channel="input"/>

</beans:beans>
