<?xml version="1.0" encoding="UTF-8"?>
<beans xmlns="http://www.springframework.org/schema/beans"
	xmlns:xsi="http://www.w3.org/2001/XMLSchema-instance" xmlns:int="http://www.springframework.org/schema/integration"
	xmlns:int-mongodb="http://www.springframework.org/schema/integration/mongodb"
	xmlns:mongo="http://www.springframework.org/schema/data/mongo"
	xsi:schemaLocation="http://www.springframework.org/schema/data/mongo http://www.springframework.org/schema/data/mongo/spring-mongo.xsd
		http://www.springframework.org/schema/integration http://www.springframework.org/schema/integration/spring-integration.xsd
		http://www.springframework.org/schema/beans http://www.springframework.org/schema/beans/spring-beans.xsd
		http://www.springframework.org/schema/integration/mongodb http://www.springframework.org/schema/integration/mongodb/spring-integration-mongodb.xsd
    ">

	<int:channel id="output" />

	<int:channel id="aggregates" />

	<mongo:mongo host="${host}" port="${port}" />

	<mongo:db-factory dbname="${databaseName}" mongo-ref="mongo"
		username="${username}" password="${password}" />

	<int-mongodb:inbound-channel-adapter
		id="inbound" channel="aggregates" query="${query}" collection-name="${collectionName}">
		<int:poller trigger="trigger" max-messages-per-poll="${maxMessages}" />
	</int-mongodb:inbound-channel-adapter>

	<bean id="trigger" class="org.springframework.scheduling.support.PeriodicTrigger">
		<constructor-arg value="${fixedDelay}" />
		<constructor-arg value="${timeUnit}" />
		<property name="initialDelay" value="${initialDelay} "/>
	</bean>

	<beans profile="use-splitter">
		<int:splitter input-channel="aggregates" output-channel="output"/>
	</beans>
	<beans profile="dont-use-splitter">
		<int:bridge input-channel="aggregates" output-channel="output"/>
	</beans>

</beans>
