<?xml version="1.0" encoding="UTF-8"?>
<beans:beans xmlns="http://www.springframework.org/schema/integration"
	xmlns:xsi="http://www.w3.org/2001/XMLSchema-instance"
	xmlns:beans="http://www.springframework.org/schema/beans"
	xmlns:int-groovy="http://www.springframework.org/schema/integration/groovy"
	xsi:schemaLocation="http://www.springframework.org/schema/beans
		http://www.springframework.org/schema/beans/spring-beans.xsd
		http://www.springframework.org/schema/integration
		http://www.springframework.org/schema/integration/spring-integration.xsd
		http://www.springframework.org/schema/integration/groovy
		http://www.springframework.org/schema/integration/groovy/spring-integration-groovy.xsd">


	<channel id="input"/>


	<beans:beans profile="use-expression">
		<router input-channel="input" expression="${expression}" resolution-required="false"
						default-output-channel="nullChannel"/>
	</beans:beans>

	<beans:beans profile="use-script">
		<beans:import resource="../../../common/script-variable-generator.xml"/>
		<router input-channel="input" resolution-required="false" default-output-channel="nullChannel">
			<int-groovy:script location="${script}" script-variable-generator="variableGenerator" refresh-check-delay="60"/>
		</router>
	</beans:beans>

</beans:beans>
