<?xml version="1.0" encoding="UTF-8"?>

<beans xmlns="http://www.springframework.org/schema/beans"
	   xmlns:xsi="http://www.w3.org/2001/XMLSchema-instance"
	   xmlns:int="http://www.springframework.org/schema/integration"
	   xsi:schemaLocation="http://www.springframework.org/schema/beans http://www.springframework.org/schema/beans/spring-beans.xsd
		http://www.springframework.org/schema/integration http://www.springframework.org/schema/integration/spring-integration.xsd">

	<int:channel id="input"/>

	<int:service-activator input-channel="input" expression="@handler.process(#this, ${timeField})" output-channel="nullChannel"/>

	<bean id="handler" class="org.springframework.xd.analytics.metrics.integration.AggregateCounterHandler">
		<constructor-arg ref="aggregateCounterRepository"/>
		<constructor-arg value="${computedNameExpression}"/>
		<constructor-arg value="${incrementExpression}"/>
		<property name="dateFormat" value="${dateFormat}" />
	</bean>

</beans>
