<?xml version="1.0" encoding="UTF-8"?>
<beans:beans xmlns="http://www.springframework.org/schema/integration"
	xmlns:xsi="http://www.w3.org/2001/XMLSchema-instance"
	xmlns:beans="http://www.springframework.org/schema/beans"
	xmlns:int-mail="http://www.springframework.org/schema/integration/mail"
	xsi:schemaLocation="http://www.springframework.org/schema/integration/mail http://www.springframework.org/schema/integration/mail/spring-integration-mail.xsd
		http://www.springframework.org/schema/integration http://www.springframework.org/schema/integration/spring-integration.xsd
		http://www.springframework.org/schema/beans http://www.springframework.org/schema/beans/spring-beans.xsd">

	<channel id="output" />


	<int-mail:mail-to-string-transformer
		charset="${charset}" input-channel="transform" output-channel="output" />

	<beans:beans profile="use-polling">
		<int-mail:inbound-channel-adapter
			store-uri="${protocol}://${username:}:${password:}@${host}:${port}/${folder}"
			channel="transform" should-mark-messages-as-read="${markAsRead}"
			should-delete-messages="${delete}" java-mail-properties="javaMailProperties">
			<poller fixed-delay="${fixedDelay}" time-unit="SECONDS" max-messages-per-poll="${maxMessages}">
				<advice-chain>
					<beans:bean
						class="org.springframework.xd.dirt.module.support.ThreadContextClassLoaderSetterAdvice" />
				</advice-chain>
			</poller>
		</int-mail:inbound-channel-adapter>
	</beans:beans>

	<beans:beans profile="use-idle">
		<int-mail:imap-idle-channel-adapter
			store-uri="${protocol}://${username:}:${password:}@${host}:${port}/${folder}"
			channel="transform" auto-startup="true" mail-filter-expression="${expression}"
			should-mark-messages-as-read="${markAsRead}"
			should-delete-messages="${delete}" java-mail-properties="javaMailProperties">
		</int-mail:imap-idle-channel-adapter>
	</beans:beans>

	<beans:beans>
		<beans:bean id="javaMailProperties" class="org.springframework.beans.factory.config.PropertiesFactoryBean">
			<beans:property name="properties" ref="utilProperties"/>
		</beans:bean>
		<beans:bean id="utilProperties" class="org.springframework.xd.mail.JavaMailPropertiesFactoryBean">
			<beans:property name="propertiesString" value="${properties:#{null}}"/>
			<beans:property name="defaultPropertiesString" value="${defaultProperties:#{null}}"/>
			<beans:property name="propertiesFileString" value="${propertiesFile:#{null}}"/>
		</beans:bean>
	</beans:beans>

</beans:beans>
