<?xml version="1.0" encoding="UTF-8"?>
<beans xmlns="http://www.springframework.org/schema/beans"
	xmlns:xsi="http://www.w3.org/2001/XMLSchema-instance"
	xmlns:int="http://www.springframework.org/schema/integration"
	xmlns:int-jms="http://www.springframework.org/schema/integration/jms"
	xmlns:context="http://www.springframework.org/schema/context"
	xsi:schemaLocation="http://www.springframework.org/schema/integration/jms http://www.springframework.org/schema/integration/jms/spring-integration-jms.xsd
		http://www.springframework.org/schema/integration http://www.springframework.org/schema/integration/spring-integration.xsd
		http://www.springframework.org/schema/beans http://www.springframework.org/schema/beans/spring-beans.xsd
		http://www.springframework.org/schema/context http://www.springframework.org/schema/context/spring-context.xsd">

	<import resource="../../../common/jms-${provider}-infrastructure-context.xml"/>

	<int:channel id="output"/>

	<!-- profiles required because container-class cannot be variable; see INT-3677/SPR-12817 -->

	<beans profile="dmlc">
		<int-jms:message-driven-channel-adapter id="jmsSource"
			auto-startup="false"
			destination-name="${destination}"
			pub-sub-domain="${pubSub}"
			subscription-durable="${durableSubscription}"
			durable-subscription-name="${subscriptionName:#{null}}"
			client-id="${clientId:#{null}}"
			channel="output"
			acknowledge="${acknowledge}"
			container-class="org.springframework.jms.listener.DefaultMessageListenerContainer"
			connection-factory="connectionFactory"/>
	</beans>

	<beans profile="smlc">
		<int-jms:message-driven-channel-adapter id="jmsSource"
			auto-startup="false"
			destination-name="${destination}"
			pub-sub-domain="${pubSub}"
			subscription-durable="${durableSubscription}"
			durable-subscription-name="${subscriptionName:#{null}}"
			client-id="${clientId:#{null}}"
			channel="output"
			acknowledge="${acknowledge}"
			container-class="org.springframework.jms.listener.SimpleMessageListenerContainer"
			connection-factory="connectionFactory"/>
	</beans>

</beans>
